	Means Treated	Means Control	Std. Mean Diff.	Var. Ratio	eCDF Mean	eCDF Max	Std. Pair Dist.
distance	0.5084122130491037	0.4915877869508964	0.2520827957668097	1.1354989689458368	0.0693	0.16	
Environment	0.49069	0.51359	-0.1217889965147446	0.993447890405227	0.03581920903954802	0.13	
Age	0.51201	0.53008	-0.08207252524507085	1.3600790192275198	0.06745762711864407	0.19	
Sex	0.49009	0.5315	-0.20950982759036577	0.8880153574406072	0.054	0.13	
