	Means Treated	Means Control	Std. Mean Diff.	Var. Ratio	eCDF Mean	eCDF Max	Std. Pair Dist.
distance	0.5031692165779906	0.496830783542452	0.16343914333720155	0.89392044886387	0.041800000000000004	0.14	
Environment	0.50089	0.5127700000000001	-0.060479053149900895	0.862926349535605	0.027719298245614036	0.09	
Age	0.48344000000000004	0.48779000000000006	-0.023632004102384006	0.7979761617375877	0.035632183908045977	0.1	
Sex	0.48176	0.50673	-0.1526048889213647	0.787127058363341	0.05	0.13	
