	Std. Mean Diff.	Var. Ratio	eCDF Mean	eCDF Max	Std. Pair Dist.
distance	98.13681222478789	53.913079918505694	83.57309836360366	52.931034482758605	
PC0	81.47081905518652	65.71240159154222	72.79444362346682	19.556451612903214	
PC1	86.77472531820507	-6.617746490521446	46.087809663968585	28.720626631853793	
PC2	20.254981089255704	-38.825570715679135	-54.001616814874716	-39.51048951048955	
