	Means Treated	Means Control	Std. Mean Diff.	Var. Ratio	eCDF Mean	eCDF Max	Std. Pair Dist.
distance	0.7820778476772909	0.47735328555409545	1.5423926496839702	0.6244086875511727	0.3436853002070393	0.6004140786749482	
PC0	-0.023981721309154835	0.05253138953433911	-1.2853899337092978	0.4978850168364595	0.3136645962732919	0.5134575569358177	
PC1	-0.0005153005773420666	0.0011287536456064525	-0.378548523410078	3.1419624844899263	0.18897747288402708	0.39648033126293997	
PC2	4.467969842193629e-05	-9.78698155909043e-05	0.16165020172087205	3.0208624229043455	0.13378758382003028	0.2960662525879917	
