	Means Treated	Means Control	Std. Mean Diff.	Var. Ratio	eCDF Mean	eCDF Max	Std. Pair Dist.
distance	0.7820778476772909	0.776400256887743	0.02873767129468179	0.8048925959081202	0.05645684620376381	0.282608695652174	0.1499962029718052
PC0	-0.023981721309154835	-0.009804468554458148	-0.23817222666341362	0.7873227982730049	0.08533419857235562	0.41304347826086957	0.5285768175097703
PC1	-0.0005153005773420666	-0.0007327312642446574	0.05006408202486158	3.3892569602714677	0.10188189487345883	0.2826086956521739	0.63882830726225
PC2	4.467969842193629e-05	-6.899643848477754e-05	0.12890798393156572	4.640283633710808	0.20603504218040236	0.4130434782608696	0.7610965332973034
