	Std. Mean Diff.	Var. Ratio	eCDF Mean	eCDF Max	Std. Pair Dist.
distance	99.3977549042802	-4.106120471328992	81.49825950121595	53.488372093023266	
PC0	84.55724942467097	33.540394579039635	60.2721685689201	24.778761061946906	
PC1	43.00540793721534	8.29679549669055	32.649814389252256	35.80246913580247	
PC2	48.94207472096521	-17.39036309302301	-50.04718464926071	-18.881118881118848	
