	Means Treated	Means Control	Std. Mean Diff.	Var. Ratio	eCDF Mean	eCDF Max	Std. Pair Dist.
distance	0.7783490071214808	0.5208798330483947	1.349522477051683	0.7261090042652374	0.3329787234042554	0.5946808510638298	
PC0	-0.02002799900993909	0.04706579767335689	-1.174056932645687	0.4408272624099555	0.28936170212765955	0.4808510638297872	
PC1	-0.00039245225707493323	0.0009222628041259786	-0.2804901880937166	4.4710156369351655	0.17964433153382026	0.4308510638297872	
PC2	7.286881890600608e-05	-0.00017124172442911824	0.27775963170190426	2.540172747833045	0.1009526833915529	0.3042553191489362	
