	Means Treated	Means Control	Std. Mean Diff.	Var. Ratio	eCDF Mean	eCDF Max	Std. Pair Dist.
distance	0.7783490071214808	0.7798996025953262	-0.00812743293367991	0.7166290178803981	0.06160685932041918	0.276595744680851	0.18154065320766372
PC0	-0.02002799900993909	-0.009666871336619313	-0.18130668372083208	0.580205995512621	0.11495712924738012	0.36170212765957444	0.5907666972533644
PC1	-0.00039245225707493323	-0.0011417687429943826	0.1598642384801512	3.9486016020882797	0.12099079072721498	0.2765957446808511	0.6585592251298521
PC2	7.286881890600608e-05	-5.176895990828753e-05	0.1418183052096805	2.9872422426961207	0.15147665925690693	0.36170212765957444	0.8040030923055141
