	Std. Mean Diff.	Var. Ratio	eCDF Mean	eCDF Max	Std. Pair Dist.
distance	79.42865704673507	95.57641760105571	59.54652964684773	9.909909909909915	
PC0	45.96632522796814	56.378734203519535	22.017133268568394	2.1207177814029268	
PC1	67.39328980859301	-19.180412261265545	-4.065040650406532	-7.023411371237459	
PC2	9.629005697466997	-32.19894672376963	-68.52791878172587	-39.86013986013986	
