	Means Treated	Means Control	Std. Mean Diff.	Var. Ratio	eCDF Mean	eCDF Max	Std. Pair Dist.
distance	0.805628315659679	0.4567734581996721	1.6959674493681516	0.7589603924539154	0.38936170212765964	0.7085106382978724	
PC0	-0.02462217518991332	0.05786211169629611	-1.3856283642001825	0.5330511147955702	0.35957446808510635	0.652127659574468	
PC1	-0.00037943658296484245	0.000891675969967297	-0.2812876846126917	4.237720515945913	0.15624007621467131	0.3180851063829787	
PC2	4.6290141214244236e-05	-0.00010878183185348033	0.17736702329382967	3.013083249492925	0.12511908542394412	0.3042553191489362	
