	Means Treated	Means Control	Std. Mean Diff.	Var. Ratio	eCDF Mean	eCDF Max	Std. Pair Dist.
distance	0.805628315659679	0.7338641865224574	0.3488832803852621	0.987873632426587	0.15751032073674184	0.6382978723404256	0.3943332134973121
PC0	-0.02462217518991332	0.019947116124210802	-0.7487059238609517	0.7599991672511723	0.28040647824706255	0.6382978723404256	0.887651857060711
PC1	-0.00037943658296484245	-0.0007939045693060199	0.0917186601257793	5.5900909468046125	0.16259129882502385	0.3404255319148936	0.6504368428409929
PC2	4.6290141214244236e-05	-9.384994273161464e-05	0.1602883425154392	4.297814532095632	0.21086059066370277	0.4255319148936171	0.8232385635997854
