	Std. Mean Diff.	Var. Ratio	eCDF Mean	eCDF Max	Std. Pair Dist.
distance	88.48131968582854	73.10962829311804	50.204446716074614	-1.7049853592457763e-14	
PC0	63.47182838583375	-20.243147700318712	26.185770750988148	-7.547169811320755	
PC1	68.27373794010178	-129.87594822803413	34.262948207171306	0.0	
PC2	3.598736703007052	-12.621380628426742	-64.46345256609646	-11.111111111111132	
