	Means Treated	Means Control	Std. Mean Diff.	Var. Ratio	eCDF Mean	eCDF Max	Std. Pair Dist.
distance	0.8903118142539936	0.5240657763404576	2.33069816087939	0.25764480829761777	0.38888888888888884	0.6511627906976744	
PC0	-0.004863583191674936	0.02323711969355875	-0.4729812993658299	1.9802035915135472	0.20115285231564303	0.4108527131782946	
PC1	-0.0005616027637864152	0.0026832132047575653	-0.8033432298702464	2.7589081946189515	0.29934406678592723	0.5348837209302325	
PC2	8.218953188463685e-05	-0.00039268331900436373	0.5409713572929976	7.446303131752276	0.12780759292387198	0.41860465116279066	
