	Means Treated	Means Control	Std. Mean Diff.	Var. Ratio	eCDF Mean	eCDF Max	Std. Pair Dist.
distance	0.8903118142539936	0.8481251039834142	0.26846567023997053	0.6944187904320885	0.19364937388193204	0.6511627906976745	0.3735958748157051
PC0	-0.004863583191674936	0.005401089783030191	-0.17277142073526378	2.2739099173708115	0.148479427549195	0.4418604651162791	0.6782146098912545
PC1	-0.0005616027637864152	0.0004678560537552724	-0.2548707783490849	10.307395267372055	0.1967799642218247	0.5348837209302325	0.6875211172288964
PC2	8.218953188463685e-05	-0.00037559389542680526	0.5215032225053391	9.593822255839783	0.21019677996422184	0.4651162790697675	0.8008507981436307
