	Means Treated	Means Control	Std. Mean Diff.	Var. Ratio	eCDF Mean	eCDF Max	Std. Pair Dist.
distance	0.5052329663263749	0.49476703367362473	0.18954220052400023	1.3721811296231887	0.0519	0.15	
Environment	0.51044	0.49262999999999996	0.08504268731866636	1.2196754797601776	0.032325581395348836	0.08	
Age	0.50704	0.47319	0.16526682834061762	1.4211681006307	0.051371428571428575	0.13	
Sex	0.49731000000000003	0.50073	-0.01656731571658431	1.028536412322015	0.023072289156626506	0.06	
