	Std. Mean Diff.	Var. Ratio	eCDF Mean	eCDF Max	Std. Pair Dist.
distance	82.82940888354545	51.680731720964545	41.04186952288217	-1.6116140680042598e-14	
PC0	60.668487339310616	-36.83378465440254	-12.782956058588514	-25.203252032520318	
PC1	84.25440401108229	-40.01435153285513	17.74580335731416	0.0	
PC2	8.100525071767676	-10.639059252958514	-13.327721661055014	0.0	
