	Means Treated	Means Control	Std. Mean Diff.	Var. Ratio	eCDF Mean	eCDF Max	Std. Pair Dist.
distance	0.8987646706723758	0.8561874212421934	0.2885469237701599	0.6501097554200349	0.22179487179487178	0.6888888888888889	0.40630879679766263
PC0	-0.003335397009590444	0.006409864283236808	-0.15998051265440827	4.876886222327313	0.20683760683760682	0.48888888888888893	0.7643222991416075
PC1	-0.00033758291992303446	5.72786544100998e-05	-0.082808328589142	6.905497683086367	0.2094017094017094	0.5111111111111112	0.6636511572252072
PC2	8.868321695247238e-05	-0.0005167409770327772	0.7002763527312078	5.872420445291135	0.24658119658119657	0.5777777777777777	0.9060001561465877
