	Means Treated	Means Control	Std. Mean Diff.	Var. Ratio	eCDF Mean	eCDF Max	Std. Pair Dist.
distance	0.8987646706723758	0.6507985456775253	1.680471696129587	0.4101694097878677	0.37619047619047613	0.6888888888888888	
PC0	-0.003335397009590444	0.021441837918796468	-0.40674894463010003	3.1834939915952543	0.18339438339438344	0.39047619047619053	
PC1	-0.00033758291992303446	0.0021701759137918103	-0.5259142216491857	3.9752417703615435	0.2545787545787546	0.5111111111111112	
PC2	8.868321695247238e-05	-0.0005701063946944359	0.7620025612530206	4.95322019362048	0.21758241758241753	0.5777777777777777	
