	Std. Mean Diff.	Var. Ratio	eCDF Mean	eCDF Max	Std. Pair Dist.
distance	88.47346409766844	65.94623416204377	52.03488372093024	2.777777777777784	
PC0	74.4732615200308	-25.13544142684969	-13.795110593713645	-43.93939393939395	
PC1	90.48198987399351	-23.019590398928088	28.22299651567943	0.0	
PC2	22.025264671548268	-79.97727845010387	5.8185404339250875	1.9428902930940236e-14	
