	Means Treated	Means Control	Std. Mean Diff.	Var. Ratio	eCDF Mean	eCDF Max	Std. Pair Dist.
distance	0.8908161671724296	0.8409933993335776	0.2929520711763667	0.650344795385684	0.19642857142857142	0.6666666666666666	0.3833179153253946
PC0	-0.004078621129576768	0.0013353014069694875	-0.0924787086705598	2.454246537468561	0.17902930402930403	0.45238095238095233	0.7123861957632164
PC1	-0.0005094959557908106	-0.0002573277971392589	-0.06564515468157905	2.9866501256281492	0.18864468864468864	0.47619047619047616	0.7543973938225355
PC2	0.0001366269912988563	-0.00041735258993419845	0.7301755963541611	25.28698830670797	0.2623626373626373	0.5714285714285714	0.9196081538348271
