	Means Treated	Means Control	Std. Mean Diff.	Var. Ratio	eCDF Mean	eCDF Max	Std. Pair Dist.
distance	0.8908161671724296	0.4585720978265478	2.5415447768406216	0.2826768590518238	0.40952380952380957	0.6857142857142857	
PC0	-0.004078621129576768	0.01713020874422224	-0.3622817256623979	2.049259346310307	0.1573260073260073	0.3142857142857142	
PC1	-0.0005094959557908106	0.0021398830143212434	-0.689694104256244	2.4337009868481707	0.2628205128205128	0.47619047619047616	
PC2	0.0001366269912988563	-0.0005738333634552001	0.9364258734299694	6.018464139957176	0.27857142857142864	0.5714285714285715	
